Başıbüyük Mahallesi,BAŞIBÜYÜK CD.
Başıbüyük Mahallesi,EMEK CD.
Başıbüyük Mahallesi,ESER CD.
Başıbüyük Mahallesi,ESKİCİBAĞ CD.
Başıbüyük Mahallesi,GÜRLER CD.
Başıbüyük Mahallesi,KARANFİL CD.
Başıbüyük Mahallesi,MEZARLIK CD.
Başıbüyük Mahallesi,TEKKE CD.
Başıbüyük Mahallesi,TRAFO CD.
Başıbüyük Mahallesi,ACAR SK.
Başıbüyük Mahallesi,AKÇAN SK.
Başıbüyük Mahallesi,ASLANOĞLU SK.
Başıbüyük Mahallesi,AY SK.
Başıbüyük Mahallesi,AYDIN SK.
Başıbüyük Mahallesi,AYGÜL SK.
Başıbüyük Mahallesi,BAHÇE SK.
Başıbüyük Mahallesi,BARAJ SK.
Başıbüyük Mahallesi,BAYIR SK.
Başıbüyük Mahallesi,BEYZADE SK.
Başıbüyük Mahallesi,BUSE SK.
Başıbüyük Mahallesi,CAMİALTI SK.
Başıbüyük Mahallesi,ÇAKIR SK.
Başıbüyük Mahallesi,ÇALIKUŞU SK.
Başıbüyük Mahallesi,ÇAMLIK SK.
Başıbüyük Mahallesi,ÇİĞDEM SK.
Başıbüyük Mahallesi,DAĞLAR SK.
Başıbüyük Mahallesi,DİK SK.
Başıbüyük Mahallesi,DÜŞ SK.
Başıbüyük Mahallesi,ELİF SK.
Başıbüyük Mahallesi,EMEL SK.
Başıbüyük Mahallesi,ENGİN SK.
Başıbüyük Mahallesi,EREN SK.
Başıbüyük Mahallesi,ERİK SK.
Başıbüyük Mahallesi,ERKAM SK.
Başıbüyük Mahallesi,ERKAN SK.
Başıbüyük Mahallesi,FAL SK.
Başıbüyük Mahallesi,FIRIN SK.
Başıbüyük Mahallesi,FİDAN SK.
Başıbüyük Mahallesi,FİLİZ SK.
Başıbüyük Mahallesi,GAZEL SK.
Başıbüyük Mahallesi,GÖKSEL SK.
Başıbüyük Mahallesi,GÖZDE SK.
Başıbüyük Mahallesi,GÜL SK.
Başıbüyük Mahallesi,GÜNER SK.
Başıbüyük Mahallesi,GÜNEŞ SK.
Başıbüyük Mahallesi,HACİVAT SK.
Başıbüyük Mahallesi,HALİT BEY SK.
Başıbüyük Mahallesi,HANDAN SK.
Başıbüyük Mahallesi,HASTANE ARKASI SK.
Başıbüyük Mahallesi,HERCAİ SK.
Başıbüyük Mahallesi,HİLAL SK.
Başıbüyük Mahallesi,KARAMAN SK.
Başıbüyük Mahallesi,KARTAL SK.
Başıbüyük Mahallesi,KAYA SK.
Başıbüyük Mahallesi,KAYSUK SK.
Başıbüyük Mahallesi,KEHRİBAR SK.
Başıbüyük Mahallesi,KESKİNLER SK.
Başıbüyük Mahallesi,KETEN SK.
Başıbüyük Mahallesi,KILIÇ SK.
Başıbüyük Mahallesi,KORKMAZ SK.
Başıbüyük Mahallesi,KUZGUN SK.
Başıbüyük Mahallesi,LALE SK.
Başıbüyük Mahallesi,MADEN SK.
Başıbüyük Mahallesi,MAĞARA TEPE SK.
Başıbüyük Mahallesi,MANOLYA SK.
Başıbüyük Mahallesi,MELİKOĞLU SK.
Başıbüyük Mahallesi,MENEKŞE ÇK. SK.
Başıbüyük Mahallesi,MENEKŞE SK.
Başıbüyük Mahallesi,MERVE SK.
Başıbüyük Mahallesi,MUZAFFER SK.
Başıbüyük Mahallesi,NİL SK.
Başıbüyük Mahallesi,OKUL SK.
Başıbüyük Mahallesi,ORMAN SK.
Başıbüyük Mahallesi,ÖZEN SK.
Başıbüyük Mahallesi,ÖZTÜRK SK.
Başıbüyük Mahallesi,PAMUK SK.
Başıbüyük Mahallesi,PAPATYA SK.
Başıbüyük Mahallesi,REÇİNE SK.
Başıbüyük Mahallesi,SELVİ SK.
Başıbüyük Mahallesi,SERHAT SK.
Başıbüyük Mahallesi,SERİN SK.
Başıbüyük Mahallesi,SEZENLİK SK.
Başıbüyük Mahallesi,SULTAN SK.
Başıbüyük Mahallesi,ŞEN SK.
Başıbüyük Mahallesi,TAN SK.
Başıbüyük Mahallesi,TAŞLIK SK.
Başıbüyük Mahallesi,TAŞOCAĞI SK.
Başıbüyük Mahallesi,TEKKE DERESİ SK.
Başıbüyük Mahallesi,TOPRAK YOL SK.
Başıbüyük Mahallesi,TURGUT SK.
Başıbüyük Mahallesi,VEYSEL SK.
Başıbüyük Mahallesi,YARICI SK.
Başıbüyük Mahallesi,YAZGAN SK.
Başıbüyük Mahallesi,YENİ CAMİ SK.
Başıbüyük Mahallesi,YILDIZ SK.
Başıbüyük Mahallesi,YILMAZ SK.
Başıbüyük Mahallesi,YONCA SK.
Başıbüyük Mahallesi,ZİRVE SK.
