Reşadiye Mahallesi,SULTAN REŞAT CD.
Reşadiye Mahallesi,ŞEHİT MURAT DEMİR CD.
Reşadiye Mahallesi,ALİ PAŞA SK.
Reşadiye Mahallesi,AVŞA ÇK. SK.
Reşadiye Mahallesi,BESTEKAR ÇK. SK.
Reşadiye Mahallesi,BÖĞÜRTLEN SK.
Reşadiye Mahallesi,CANFEDA SK.
Reşadiye Mahallesi,CUMHUR SK.
Reşadiye Mahallesi,ÇAĞLA SK.
Reşadiye Mahallesi,ÇIRAK ÇK. SK.
Reşadiye Mahallesi,ÇİFTPINAR SK.
Reşadiye Mahallesi,ÇİMEN SK.
Reşadiye Mahallesi,ÇİMENLİK SK.
Reşadiye Mahallesi,DAĞSU ÇK. SK.
Reşadiye Mahallesi,DAMLA SK.
Reşadiye Mahallesi,DEFNE SK.
Reşadiye Mahallesi,DUMANLI VADİ SK.
Reşadiye Mahallesi,EFLATUN SK.
Reşadiye Mahallesi,EMEL SK.
Reşadiye Mahallesi,ENİS SK.
Reşadiye Mahallesi,GÜLVEREN SK.
Reşadiye Mahallesi,GÜNEŞ SK.
Reşadiye Mahallesi,GÜNYÜZÜ SK.
Reşadiye Mahallesi,GÜZİDE SK.
Reşadiye Mahallesi,HACI PINAR SK.
Reşadiye Mahallesi,HİSAR SK.
Reşadiye Mahallesi,HUZUR SK.
Reşadiye Mahallesi,HÜRMET SK.
Reşadiye Mahallesi,İHSAN ÇK. SK.
Reşadiye Mahallesi,İNCİ SK.
Reşadiye Mahallesi,KARAGÖZ KUYU SK.
Reşadiye Mahallesi,KESTANELİK SK.
Reşadiye Mahallesi,KİRAZ SK.
Reşadiye Mahallesi,KOCAGÖZ KUYU SK.
Reşadiye Mahallesi,KÖSEPINAR SK.
Reşadiye Mahallesi,MANDIRA SK. SK.
Reşadiye Mahallesi,MUKADDES SK.
Reşadiye Mahallesi,NUR SK.
Reşadiye Mahallesi,PAPELİN SK.
Reşadiye Mahallesi,PLATİN ÇK. SK.
Reşadiye Mahallesi,SAFRAN ÇK. SK.
Reşadiye Mahallesi,SEVİM ÇK. SK.
Reşadiye Mahallesi,ŞEHİT MURAT SK.
Reşadiye Mahallesi,ŞİFA SK.
Reşadiye Mahallesi,ŞİMAL ÇK. SK.
Reşadiye Mahallesi,UZUN ÇK. SK.
Reşadiye Mahallesi,YADİGAR SK.
Reşadiye Mahallesi,YAYLA SK.
Reşadiye Mahallesi,YEŞİLAY ÇK. SK.
Reşadiye Mahallesi,YEŞİLVADİ SK.
Reşadiye Mahallesi,ZEMZEM SK.
Reşadiye Mahallesi,ZERDE ÇK. SK.
Reşadiye Mahallesi,ZÜLAL SK.
