neighbourhood,street
Tepeüstü Mahallesi,ALEMDAĞ CD.
Tepeüstü Mahallesi,DOĞANEVLER CD.
Tepeüstü Mahallesi,ESKİ KADIKÖY YOLU CD.
Tepeüstü Mahallesi,KAŞGARLI MAHMUT CD.
Tepeüstü Mahallesi,POYRAZ CD.
Tepeüstü Mahallesi,TAVUKÇUYOLU CD.
Tepeüstü Mahallesi,30 AĞUSTOS SK.
Tepeüstü Mahallesi,AZİM SK.
Tepeüstü Mahallesi,BEGONYA SK.
Tepeüstü Mahallesi,BİZİM SK.
Tepeüstü Mahallesi,ÇAYIRBAŞI SK.
Tepeüstü Mahallesi,ÇEŞME SK.
Tepeüstü Mahallesi,DAMPSAN SK.
Tepeüstü Mahallesi,DİKİLİAĞAÇ SK.
Tepeüstü Mahallesi,DUA SK.
Tepeüstü Mahallesi,EDAGÜL SK.
Tepeüstü Mahallesi,ERDEM SK.
Tepeüstü Mahallesi,ESENKÖŞE SK.
Tepeüstü Mahallesi,FATİH SK.
Tepeüstü Mahallesi,GEZEN SK.
Tepeüstü Mahallesi,GÜNAŞIK SK.
Tepeüstü Mahallesi,GÜVENÇ SK.
Tepeüstü Mahallesi,HACI BAYRAM SK.
Tepeüstü Mahallesi,HAYIRLI SK.
Tepeüstü Mahallesi,HAYRAN SK.
Tepeüstü Mahallesi,HÜRMET SK.
Tepeüstü Mahallesi,İHRAM SK.
Tepeüstü Mahallesi,İNANÇ SK.
Tepeüstü Mahallesi,İSTİKBAL SK.
Tepeüstü Mahallesi,KADİM SK.
Tepeüstü Mahallesi,KAFİYE SK.
Tepeüstü Mahallesi,KANDİL SK.
Tepeüstü Mahallesi,LİDER SK.
Tepeüstü Mahallesi,MANİDAR SK.
Tepeüstü Mahallesi,MEMLEKET SK.
Tepeüstü Mahallesi,MİLLİ MÜCADELE SK.
Tepeüstü Mahallesi,NAKKAŞ SK.
Tepeüstü Mahallesi,NAZENİN SK.
Tepeüstü Mahallesi,ÖNAL SK.
Tepeüstü Mahallesi,ÖRNEK SK.
Tepeüstü Mahallesi,ÖZKANCA SK.
Tepeüstü Mahallesi,ÖZTÜRK SK.
Tepeüstü Mahallesi,PINARBAŞI SK.
Tepeüstü Mahallesi,PINARLI SK.
Tepeüstü Mahallesi,RESUL SK.
Tepeüstü Mahallesi,SEDA SK.
Tepeüstü Mahallesi,TARİH SK.
Tepeüstü Mahallesi,TEPEÜSTÜ ÖZGÜR SK.
Tepeüstü Mahallesi,ULUDERE SK.
Tepeüstü Mahallesi,YALIKENT SK.
Tepeüstü Mahallesi,YENİLİK SK.
Tepeüstü Mahallesi,ZİRVE SK.
